Mohandas,82,4,5,37
Dannye,60,10,7,40
Delia,90,2,7,36
Jess,81,6,6,17
Christin,51,2,7,21
Brian,74,6,9,5
Aidan,95,7,2,37
Juliann,61,10,3,32
Liliane,100,5,4,1
Clair,52,9,8,31
Hank,55,3,9,34
Darn,55,8,2,12
Roman,69,9,3,14
Sid,87,10,8,20
Prudence,92,8,6,1
Edythe,99,2,4,22
Wallis,77,4,2,14
Harrison,72,3,5,4
Odell,63,7,10,33
Tristam,53,3,7,5
Faythe,93,4,6,40
Cassius,55,4,9,34
Jenna,69,3,5,8
Pippa,57,10,3,17
Marysa,66,9,2,7
Nicholas,98,2,8,40
Danita,54,9,7,27
Adore,68,4,5,30
Arthur,50,10,3,31
Maxy,82,1,9,8
Philipa,95,8,1,27
Ole,96,5,9,27
Mendie,61,10,5,20
Rebeca,56,3,9,33
Leonardo,86,3,8,12
Chalmers,60,3,5,9
Fitz,91,4,6,11
Margarethe,69,3,5,34
Prentice,76,5,7,37
Mohandis,90,5,4,33
Jordan,78,6,8,30
Tawsha,92,5,6,11
Linea,57,9,3,34
Onofredo,65,8,1,12
Ellissa,66,3,5,26
Ann,91,10,3,17
Elton,67,5,4,5
Mina,93,5,8,31
Haley,89,8,10,12
Gillan,52,2,3,9
Alisa,90,4,2,79
Kincaid,99,6,1,68
Cornie,68,4,4,54
Oswald,75,1,8,58
Anatole,52,6,1,75
Caterina,84,2,2,76
Chrisse,61,2,4,43
Carmella,85,1,4,64
Imelda,88,10,10,76
Rawley,95,7,9,77
Sybyl,83,6,5,47
Linnell,81,1,3,64
Bruce,66,3,9,72
Trev,55,9,8,53
Torin,72,2,4,60
Chico,96,10,3,61
Regine,54,3,4,65
Vaughn,93,2,7,56
Guthry,92,10,5,79
Lyndsie,78,8,4,74
Raf,70,2,5,58
Ursa,86,2,7,49
Berkeley,51,3,9,62
Novelia,99,8,7,65
Korney,98,4,5,57
Sawyere,88,4,2,55
Jarvis,65,2,4,42
Torrin,98,10,5,41
Nellie,89,10,10,61
Granville,70,7,8,56
Fredek,84,8,4,47
Bobbie,91,2,6,78
Marje,91,8,3,43
Arlan,58,9,7,65
Lynelle,63,9,7,67
Ileane,98,4,1,61
Marjory,50,8,7,56
Dulsea,93,4,9,54
Jenifer,61,7,6,58
Alikee,86,7,4,51
Kora,92,2,10,69
Roseline,79,5,8,75
Chandal,84,2,7,68
Hazel,76,4,3,65
Brigit,86,2,9,48
Orsa,77,9,3,69
Erskine,59,6,8,67
Roselle,69,4,2,69
Noll,94,2,4,53
Kilian,61,1,4,76