Reeba,83,6,7,5
Alene,71,8,1,6
Cesaro,81,1,6,7
Rhys,94,4,1,7
Donella,88,7,8,8
Mandi,97,2,6,8
Carin,92,9,5,9
Burk,94,1,2,9
Theobald,87,5,7,9
Guenna,77,9,7,9
Archaimbaud,89,9,3,10
Clark,82,1,9,10
Nicky,97,2,6,10
Vanya,100,7,8,10
Benn,72,2,9,10
Annabela,98,3,7,11
Farlie,75,1,4,11
Angelique,91,3,6,11
Nissa,100,5,7,11
Ardelia,93,8,9,11
Matt,98,5,1,12
Keslie,97,3,2,12
Cathrine,71,2,5,12
Timotheus,96,3,6,12
Nichole,91,6,4,12
Pepi,96,7,9,13
Melonie,79,6,3,13
Carling,87,3,4,13
Cobby,72,6,9,13
Alene,84,2,5,13
Sanford,76,8,9,14
Ezequiel,93,7,9,14
Etheline,74,2,5,14
Margaret,97,7,3,14
Hervey,70,9,8,14
Smith,91,8,4,15
Stefa,92,2,4,15
Reeba,79,2,7,15
Wakefield,100,8,5,15
Daniel,72,5,6,15
Flo,88,8,9,16
Gladys,99,1,5,16
Hobart,77,5,7,16
Tye,76,8,1,16
Micheil,89,1,8,16
Kaycee,99,8,9,17
Ivett,82,1,6,17
Basilio,87,1,7,17
Leona,77,2,3,17
Henrieta,97,7,1,17
Tyrus,85,7,3,18
Fidelio,76,4,7,18
Hyacintha,82,7,4,18
Tamqrah,90,3,7,18
Annice,94,4,6,18
Tyson,81,9,8,19
Shannah,75,4,2,19
Merissa,91,3,9,19
Jethro,83,5,3,19
Daniel,94,3,4,19
Vinnie,100,6,9,20
Haywood,75,5,6,20
Cami,92,4,7,20
Andromache,76,1,8,20
"Dee dee",76,1,2,20
Ardelia,72,9,7,21
Octavia,100,9,2,21
Yankee,93,7,2,21
Etti,84,6,2,21
Evaleen,93,3,6,21
Susanne,72,3,1,22
Lazar,100,3,9,22
Evaleen,77,1,5,22
Coleen,73,2,6,22
Mead,98,9,8,22
Hube,87,9,1,23
Marika,89,6,4,23
Hedvig,85,6,5,23
Trenna,81,1,4,23
"Dee dee",98,7,6,23
Valentijn,87,9,6,24
Jethro,92,2,7,24
Annamarie,78,6,7,24
Pepi,82,1,6,24
Cobby,96,9,4,24
Mariquilla,97,2,8,25
Eyde,94,9,2,25
Roscoe,98,7,5,25
Retha,74,8,3,25
Darrin,88,8,9,25

Wayland,96,3,9,26
Retha,99,7,6,26
Lenee,83,4,5,26
Skipper,72,6,4,26
Kipper,90,3,9,26
Penny,99,7,9,27
Gillian,71,9,4,27
Tresa,96,8,4,27
Sterne,86,5,2,27
Sonnie,98,4,2,27
Kerby,73,9,1,28
Tallou,90,6,8,28
Bertine,85,9,7,28
Sly,90,6,8,28
Stace,73,2,7,28
Sid,85,5,6,29
Berenice,74,4,9,29
Izabel,87,5,9,29
Waverley,88,9,5,29
Mallory,88,2,4,29
Daisey,77,6,4,30
Glenn,70,1,6,30
Terry,97,9,1,30
Meggy,91,1,5,30
Maia,78,2,6,30
Andra,92,8,1,31
Rhodie,70,9,7,31
Tate,96,6,7,31
Rudolph,91,7,2,31
Vilma,100,2,4,31
Galen,97,8,9,32
Cody,87,6,5,32
Elane,76,9,6,32
Etti,74,5,3,32
Nickolai,85,4,8,32
Joshuah,80,1,8,33
Mead,74,7,4,33
Kele,100,6,8,33
Karlotta,81,7,1,33
Valry,71,6,9,33
Darnell,71,7,9,34
Artie,81,8,6,34
Abraham,94,8,5,34
Alene,87,7,9,34
James,87,2,1,34
Mathilda,85,3,7,35
Erena,75,7,2,35
Wildon,90,9,5,35
Noelyn,82,2,1,35
Rhodie,84,2,5,35
Marchall,79,7,2,36
Kippie,75,4,8,36
Hobard,83,8,3,36
Helli,79,3,1,36
Millicent,82,8,2,36
Sid,100,6,2,37
Jaymie,70,2,8,37
Justino,97,4,7,37
Maureene,99,5,1,37
Kaiser,75,6,3,37
Malcolm,76,3,9,38
Micheil,90,3,2,38
Shannah,88,9,3,38
Iosep,90,1,3,38
Brannon,82,9,4,38
Karole,77,7,6,39
Evvie,74,9,8,39
Jinny,73,7,5,39
Kirk,86,4,2,39
Ofilia,87,6,4,39
Kirk,100,2,9,40
Christine,71,7,9,40
Stace,75,7,2,40
Pooh,91,5,6,40
Damita,96,8,5,40
Valentina,84,2,7,41
Deborah,91,4,9,41
Zebedee,82,5,9,41
Kayley,93,3,7,41
Hester,93,9,6,42
Devin,94,2,7,42
Cordelie,100,5,4,42
Ofilia,89,2,4,43
Sylas,74,8,3,43
Jacquette,99,2,4,44
Tresa,91,8,1,45